-- 部门初始数据
-- parent_id 为 NULL 表示顶级部门

INSERT INTO dept (uuid, name, parent_uuid, is_delete, create_time, update_time) VALUES
('dept_001', '总公司', NULL, 1, NOW(), NOW()),
('dept_002', '技术部', 'dept_001', 1, NOW(), NOW()),
('dept_003', '产品部', 'dept_001', 1, NOW(), NOW()),
('dept_004', '人事部', 'dept_001', 1, NOW(), NOW()),
('dept_005', '财务部', 'dept_001', 1, NOW(), NOW()),
('dept_006', '市场部', 'dept_001', 1, NOW(), NOW()),
('dept_007', '前端组', 'dept_002', 1, NOW(), NOW()),
('dept_008', '后端组', 'dept_002', 1, NOW(), NOW()),
('dept_009', '测试组', 'dept_002', 1, NOW(), NOW()),
('dept_010', '运维组', 'dept_002', 1, NOW(), NOW()),
('dept_011', '第一开发部', 'dept_002', 1, NOW(), NOW()),
('dept_015', '第二开发部', 'dept_002', 1, NOW(), NOW()),
('dept_018', '第三开发部', 'dept_002', 1, NOW(), NOW()),
('dept_012', '项目一组', 'dept_011', 1, NOW(), NOW()),
('dept_013', '项目二组', 'dept_011', 1, NOW(), NOW()),
('dept_014', '项目三组', 'dept_011', 1, NOW(), NOW()),
('dept_016', '项目一组', 'dept_015', 1, NOW(), NOW()),
('dept_017', '项目二组', 'dept_015', 1, NOW(), NOW()),
('dept_019', '项目一组', 'dept_018', 1, NOW(), NOW()),
('dept_020', '项目二组', 'dept_018', 1, NOW(), NOW()),
('dept_021', '项目三组', 'dept_018', 1, NOW(), NOW()),
('dept_022', '产品一组', 'dept_003', 1, NOW(), NOW()),
('dept_023', '产品二组', 'dept_003', 1, NOW(), NOW()),
('dept_024', '产品三组', 'dept_003', 1, NOW(), NOW());

-- 系统用户初始数据（密码均为 123456 的 MD5）

INSERT INTO sys_user (uuid, name, account, password, nick_name, gender, work_num, level, position, position_uuid, rule_uuid, rule_name, company_id, dept_uuid, dept_name, is_delete, create_time, update_time) VALUES
('1381d0cced80432b974e8f073c5ea1f2', '系统用户', 'admin', 'e10adc3949ba59abbe56e057f20f883e', '系统用户', 1, 'EMP001', 'P6', '管理部经理', '6562baa4450b4e03bc081850814863d0', '5363e1ceddf0465ea16550d4fa0ec760', '标准工作制', 'c001', 'dept_001', '总公司', 1, NOW(), NOW()),
('ec25e7b907aa48b1a3d68c9350864469', '张伟', 'zhangwei', 'e10adc3949ba59abbe56e057f20f883e', '张伟', 1, 'EMP002', 'P3', '技术总监', '87edf3c0d383489189919677b204f2c1', '5363e1ceddf0465ea16550d4fa0ec760', '标准工作制', 'c001', 'dept_002', '技术部', 1, NOW(), NOW()),
('36f90cff20614aa19913e2b41753fb32', '李娜', 'lina', 'e10adc3949ba59abbe56e057f20f883e', '李娜', 2, 'EMP003', 'P4', '人事经理', '138961cefa47479bb1092181ec017683', '5363e1ceddf0465ea16550d4fa0ec760', '标准工作制', 'c001', 'dept_004', '人事部', 1, NOW(), NOW()),
('5aab2d6b1b50416caf1d5faf14943352', '王建国', 'wangjianguo', 'e10adc3949ba59abbe56e057f20f883e', '王建国', 1, 'EMP004', 'P2', '产品经理', '2357c247a31c4cfaaf9e1dfbf2fe1fd2', '5363e1ceddf0465ea16550d4fa0ec760', '标准工作制', 'c001', 'dept_003', '产品部', 1, NOW(), NOW()),
('ae22d48cb23a49d8840b00162699d550', '赵敏', 'zhaomin', 'e10adc3949ba59abbe56e057f20f883e', '赵敏', 2, 'EMP005', 'P5', '运营经理', '9a3a1b56c6ea4ab4be38185d003f31f3', '5363e1ceddf0465ea16550d4fa0ec760', '标准工作制', 'c001', 'dept_006', '市场部', 1, NOW(), NOW()),
('f23c91618bda4e7198b5bad7ee54301a', '云强', 'yunqiang', 'e10adc3949ba59abbe56e057f20f883e', '云强', 2, 'EMP006', 'P1', '前端组长', '7d38a5d514304caa9ab2c7df79177c37', '5363e1ceddf0465ea16550d4fa0ec760', '标准工作制', 'c001', 'dept_007', '前端组', 1, NOW(), NOW()),
('68285790df0c4a5b81dee1964e22773c', '杨娟', 'yangjuan', 'e10adc3949ba59abbe56e057f20f883e', '杨娟', 1, 'EMP007', 'P2', '前端工程师', '1dfb5f6e62b74bfdb6929d4ee60ccc07', '5363e1ceddf0465ea16550d4fa0ec760', '标准工作制', 'c001', 'dept_007', '前端组', 1, NOW(), NOW()),
('2213f7116def4f3a92ae7e1fe6586dbd', '葛晴', 'geqing', 'e10adc3949ba59abbe56e057f20f883e', '葛晴', 1, 'EMP008', 'P5', '前端工程师', '1dfb5f6e62b74bfdb6929d4ee60ccc07', '5363e1ceddf0465ea16550d4fa0ec760', '标准工作制', 'c001', 'dept_007', '前端组', 1, NOW(), NOW()),
('e60fa0bd81c8452e96ac997dc0840827', '水海燕', 'shuihaiyan', 'e10adc3949ba59abbe56e057f20f883e', '水海燕', 1, 'EMP009', 'P1', '后端组长', '8addb2b2f06446e8a87037df8b00b590', '5363e1ceddf0465ea16550d4fa0ec760', '标准工作制', 'c001', 'dept_008', '后端组', 1, NOW(), NOW()),
('0c2d2b730fa946419b90a72c94df558c', '吴杰', 'wujie', 'e10adc3949ba59abbe56e057f20f883e', '吴杰', 1, 'EMP010', 'P2', '后端工程师', 'a8575f3580d040758771170bfaf31931', '5363e1ceddf0465ea16550d4fa0ec760', '标准工作制', 'c001', 'dept_008', '后端组', 1, NOW(), NOW()),
('90d47cc0240847b69d8402fc71df530f', '喻艳', 'yuyan', 'e10adc3949ba59abbe56e057f20f883e', '喻艳', 2, 'EMP011', 'P6', '后端工程师', 'a8575f3580d040758771170bfaf31931', '5363e1ceddf0465ea16550d4fa0ec760', '标准工作制', 'c001', 'dept_008', '后端组', 1, NOW(), NOW()),
('6fe4679945c84e1895cb101215e9f361', '韩峰', 'hanfeng', 'e10adc3949ba59abbe56e057f20f883e', '韩峰', 2, 'EMP012', 'P5', '后端工程师', 'a8575f3580d040758771170bfaf31931', '5363e1ceddf0465ea16550d4fa0ec760', '标准工作制', 'c001', 'dept_008', '后端组', 1, NOW(), NOW()),
('3bb5c9b5a81242a29f36c90ad97beb0d', '赵冰', 'zhaobing', 'e10adc3949ba59abbe56e057f20f883e', '赵冰', 2, 'EMP013', 'P2', '测试组长', '02399ab8f3834e9384d0aa4c3e82729d', '5363e1ceddf0465ea16550d4fa0ec760', '标准工作制', 'c001', 'dept_009', '测试组', 1, NOW(), NOW()),
('090aa7ada5d24a8d8fba07db3f2835f9', '吕超', 'lvchao', 'e10adc3949ba59abbe56e057f20f883e', '吕超', 1, 'EMP014', 'P2', '测试工程师', '6eeaeb9c26784fd192539a11c5d73d65', 'c84ef35149a44d31ae28149aac5631d4', '弹性工作制', 'c001', 'dept_009', '测试组', 1, NOW(), NOW()),
('9d7870358a4847c3aca74adde86e62e6', '吕丽', 'lvli', 'e10adc3949ba59abbe56e057f20f883e', '吕丽', 2, 'EMP015', 'P1', '测试工程师', '6eeaeb9c26784fd192539a11c5d73d65', 'c84ef35149a44d31ae28149aac5631d4', '弹性工作制', 'c001', 'dept_009', '测试组', 1, NOW(), NOW()),
('3725c495b31b44db9810b41b757fb64b', '郑桂英', 'zhengguiying', 'e10adc3949ba59abbe56e057f20f883e', '郑桂英', 2, 'EMP016', 'P3', '运维组长', '591f867059e54fbf8be536143d9617d5', 'c84ef35149a44d31ae28149aac5631d4', '弹性工作制', 'c001', 'dept_010', '运维组', 1, NOW(), NOW()),
('d149b63d0206433e8d98ad53272a34e3', '孙雪', 'sunxue', 'e10adc3949ba59abbe56e057f20f883e', '孙雪', 1, 'EMP017', 'P4', '运维工程师', 'feefc0ede5a24ff090b523ab386d5606', 'c84ef35149a44d31ae28149aac5631d4', '弹性工作制', 'c001', 'dept_010', '运维组', 1, NOW(), NOW()),
('25837a467ed34c4785f5c30084a828ad', '孔静', 'kongjing', 'e10adc3949ba59abbe56e057f20f883e', '孔静', 2, 'EMP018', 'P5', '运维工程师', 'feefc0ede5a24ff090b523ab386d5606', 'c84ef35149a44d31ae28149aac5631d4', '弹性工作制', 'c001', 'dept_010', '运维组', 1, NOW(), NOW()),
('4e25362f2ec74405a905b84fd7c92b4e', '云轩', 'yunxuan', 'e10adc3949ba59abbe56e057f20f883e', '云轩', 1, 'EMP019', 'P3', '开发部长', 'eb5ec3c59e224aff9903aa5cdc2b5b55', 'c84ef35149a44d31ae28149aac5631d4', '弹性工作制', 'c001', 'dept_011', '第一开发部', 1, NOW(), NOW()),
('6731c680a0ac459c917d10bfd3d4bc19', '范敏', 'fanmin', 'e10adc3949ba59abbe56e057f20f883e', '范敏', 1, 'EMP020', 'P1', '项目经理', 'bd730cbd30ad4f0bb120f4a692b5137a', '5363e1ceddf0465ea16550d4fa0ec760', '标准工作制', 'c001', 'dept_012', '项目一组', 1, NOW(), NOW()),
('4feb882ec2764c0880a00dfcd79dc0fd', '尤静', 'youjing', 'e10adc3949ba59abbe56e057f20f883e', '尤静', 1, 'EMP021', 'P2', '开发工程师', 'fd556015d2484b01a94cc439ecff4831', 'c84ef35149a44d31ae28149aac5631d4', '弹性工作制', 'c001', 'dept_012', '项目一组', 1, NOW(), NOW()),
('bdfaae5e8116404a8eddb14a42ec702a', '孔超', 'kongchao', 'e10adc3949ba59abbe56e057f20f883e', '孔超', 2, 'EMP022', 'P4', '开发工程师', 'fd556015d2484b01a94cc439ecff4831', 'c84ef35149a44d31ae28149aac5631d4', '弹性工作制', 'c001', 'dept_012', '项目一组', 1, NOW(), NOW()),
('4ca5dcb4795f4a50a1526146c9c83448', '褚华', 'chuhua', 'e10adc3949ba59abbe56e057f20f883e', '褚华', 1, 'EMP023', 'P3', '开发工程师', 'fd556015d2484b01a94cc439ecff4831', 'c84ef35149a44d31ae28149aac5631d4', '弹性工作制', 'c001', 'dept_012', '项目一组', 1, NOW(), NOW()),
('ecf06813dffa42f08e55ec5c94ccb4b5', '潘超', 'panchao', 'e10adc3949ba59abbe56e057f20f883e', '潘超', 1, 'EMP024', 'P6', '开发工程师', 'fd556015d2484b01a94cc439ecff4831', 'c84ef35149a44d31ae28149aac5631d4', '弹性工作制', 'c001', 'dept_012', '项目一组', 1, NOW(), NOW()),
('686e8cc84e49459d8016d9c0557f11f5', '窦辰', 'douchen', 'e10adc3949ba59abbe56e057f20f883e', '窦辰', 1, 'EMP025', 'P2', '开发工程师', 'fd556015d2484b01a94cc439ecff4831', 'c84ef35149a44d31ae28149aac5631d4', '弹性工作制', 'c001', 'dept_012', '项目一组', 1, NOW(), NOW()),
('0acea251a8c44a9fb3c746781d0a58c6', '褚俊', 'chujun', 'e10adc3949ba59abbe56e057f20f883e', '褚俊', 2, 'EMP026', 'P4', '项目经理', 'bd730cbd30ad4f0bb120f4a692b5137a', '5363e1ceddf0465ea16550d4fa0ec760', '标准工作制', 'c001', 'dept_013', '项目二组', 1, NOW(), NOW()),
('68affe07558f4f3f8263e2a2a9cf522f', '云瑶', 'yunyao', 'e10adc3949ba59abbe56e057f20f883e', '云瑶', 1, 'EMP027', 'P5', '开发工程师', 'fd556015d2484b01a94cc439ecff4831', 'c84ef35149a44d31ae28149aac5631d4', '弹性工作制', 'c001', 'dept_013', '项目二组', 1, NOW(), NOW()),
('5ded84e6068d420494aa889b62ee2c99', '葛平', 'geping', 'e10adc3949ba59abbe56e057f20f883e', '葛平', 1, 'EMP028', 'P1', '开发工程师', 'fd556015d2484b01a94cc439ecff4831', 'c84ef35149a44d31ae28149aac5631d4', '弹性工作制', 'c001', 'dept_013', '项目二组', 1, NOW(), NOW()),
('934a8c224a444eca97658084deee57eb', '孙思', 'sunsi', 'e10adc3949ba59abbe56e057f20f883e', '孙思', 2, 'EMP029', 'P3', '开发工程师', 'fd556015d2484b01a94cc439ecff4831', 'c84ef35149a44d31ae28149aac5631d4', '弹性工作制', 'c001', 'dept_013', '项目二组', 1, NOW(), NOW()),
('04f90ad6437244268f1838210fdb946b', '秦敏', 'qinmin', 'e10adc3949ba59abbe56e057f20f883e', '秦敏', 2, 'EMP030', 'P2', '开发工程师', 'fd556015d2484b01a94cc439ecff4831', 'c84ef35149a44d31ae28149aac5631d4', '弹性工作制', 'c001', 'dept_013', '项目二组', 1, NOW(), NOW()),
('511773a6002f482c8c2a9577c1ecdae6', '沈怡', 'shenyi', 'e10adc3949ba59abbe56e057f20f883e', '沈怡', 2, 'EMP031', 'P4', '项目经理', 'bd730cbd30ad4f0bb120f4a692b5137a', '5363e1ceddf0465ea16550d4fa0ec760', '标准工作制', 'c001', 'dept_014', '项目三组', 1, NOW(), NOW()),
('b9a966be6a724de7a2f64046860c385d', '苏俊', 'sujun', 'e10adc3949ba59abbe56e057f20f883e', '苏俊', 2, 'EMP032', 'P2', '开发工程师', 'fd556015d2484b01a94cc439ecff4831', 'c84ef35149a44d31ae28149aac5631d4', '弹性工作制', 'c001', 'dept_014', '项目三组', 1, NOW(), NOW()),
('0a4b5fc9d53c4f9da6654216347f973a', '冯涛', 'fengtao', 'e10adc3949ba59abbe56e057f20f883e', '冯涛', 2, 'EMP033', 'P6', '开发工程师', 'fd556015d2484b01a94cc439ecff4831', 'c84ef35149a44d31ae28149aac5631d4', '弹性工作制', 'c001', 'dept_014', '项目三组', 1, NOW(), NOW()),
('284d8e92e201407cafeb73f344102c9c', '郎博', 'langbo', 'e10adc3949ba59abbe56e057f20f883e', '郎博', 2, 'EMP034', 'P4', '开发工程师', 'fd556015d2484b01a94cc439ecff4831', 'c84ef35149a44d31ae28149aac5631d4', '弹性工作制', 'c001', 'dept_014', '项目三组', 1, NOW(), NOW()),
('f05ee05972cc468b911b5fc953a91ce6', '张娟', 'zhangjuan', 'e10adc3949ba59abbe56e057f20f883e', '张娟', 2, 'EMP035', 'P2', '开发工程师', 'fd556015d2484b01a94cc439ecff4831', 'c84ef35149a44d31ae28149aac5631d4', '弹性工作制', 'c001', 'dept_014', '项目三组', 1, NOW(), NOW()),
('9f2070326b4d4faa9a13214bdac82580', '吴冰', 'wubing', 'e10adc3949ba59abbe56e057f20f883e', '吴冰', 1, 'EMP036', 'P1', '开发工程师', 'fd556015d2484b01a94cc439ecff4831', 'c84ef35149a44d31ae28149aac5631d4', '弹性工作制', 'c001', 'dept_014', '项目三组', 1, NOW(), NOW()),
('b8f19f26259d470fb552c9435dc75465', '陈辰', 'chenchen', 'e10adc3949ba59abbe56e057f20f883e', '陈辰', 2, 'EMP037', 'P2', '开发部长', 'eb5ec3c59e224aff9903aa5cdc2b5b55', 'c84ef35149a44d31ae28149aac5631d4', '弹性工作制', 'c001', 'dept_015', '第二开发部', 1, NOW(), NOW()),
('57a8670fec1c40099dca07d4fb4925c5', '窦敏', 'doumin', 'e10adc3949ba59abbe56e057f20f883e', '窦敏', 2, 'EMP038', 'P4', '项目经理', 'bd730cbd30ad4f0bb120f4a692b5137a', '5363e1ceddf0465ea16550d4fa0ec760', '标准工作制', 'c001', 'dept_016', '项目一组', 1, NOW(), NOW()),
('afacd4005b174848b6961f447da25962', '窦俊', 'doujun', 'e10adc3949ba59abbe56e057f20f883e', '窦俊', 2, 'EMP039', 'P5', '开发工程师', 'fd556015d2484b01a94cc439ecff4831', 'c84ef35149a44d31ae28149aac5631d4', '弹性工作制', 'c001', 'dept_016', '项目一组', 1, NOW(), NOW()),
('6fdc30cf55f44bc39ec6742d29a8d979', '喻子', 'yuzi', 'e10adc3949ba59abbe56e057f20f883e', '喻子', 1, 'EMP040', 'P1', '开发工程师', 'fd556015d2484b01a94cc439ecff4831', 'c84ef35149a44d31ae28149aac5631d4', '弹性工作制', 'c001', 'dept_016', '项目一组', 1, NOW(), NOW()),
('0b529b89dd90483aa95405fa5a7afdeb', '葛涵', 'gehan', 'e10adc3949ba59abbe56e057f20f883e', '葛涵', 2, 'EMP041', 'P5', '开发工程师', 'fd556015d2484b01a94cc439ecff4831', 'c84ef35149a44d31ae28149aac5631d4', '弹性工作制', 'c001', 'dept_016', '项目一组', 1, NOW(), NOW()),
('f55acc4f5f9043a4b6316133de6f4206', '苏刚', 'sugang', 'e10adc3949ba59abbe56e057f20f883e', '苏刚', 2, 'EMP042', 'P1', '开发工程师', 'fd556015d2484b01a94cc439ecff4831', 'c84ef35149a44d31ae28149aac5631d4', '弹性工作制', 'c001', 'dept_016', '项目一组', 1, NOW(), NOW()),
('b551541f11b44215bc4590aee7b2a503', '华洋', 'huayang', 'e10adc3949ba59abbe56e057f20f883e', '华洋', 1, 'EMP043', 'P4', '项目经理', 'bd730cbd30ad4f0bb120f4a692b5137a', '5363e1ceddf0465ea16550d4fa0ec760', '标准工作制', 'c001', 'dept_017', '项目二组', 1, NOW(), NOW()),
('da704ff8e1da4dd3998798e8172a21c9', '彭涵', 'penghan', 'e10adc3949ba59abbe56e057f20f883e', '彭涵', 2, 'EMP044', 'P6', '开发工程师', 'fd556015d2484b01a94cc439ecff4831', 'c84ef35149a44d31ae28149aac5631d4', '弹性工作制', 'c001', 'dept_017', '项目二组', 1, NOW(), NOW()),
('1949acabc1754a17bb01f7cabb228e87', '戚冰', 'qibing', 'e10adc3949ba59abbe56e057f20f883e', '戚冰', 1, 'EMP045', 'P2', '开发工程师', 'fd556015d2484b01a94cc439ecff4831', 'c84ef35149a44d31ae28149aac5631d4', '弹性工作制', 'c001', 'dept_017', '项目二组', 1, NOW(), NOW()),
('513112a28f904f5c8f09608590d4a323', '云霞', 'yunxia', 'e10adc3949ba59abbe56e057f20f883e', '云霞', 1, 'EMP046', 'P6', '开发工程师', 'fd556015d2484b01a94cc439ecff4831', 'c84ef35149a44d31ae28149aac5631d4', '弹性工作制', 'c001', 'dept_017', '项目二组', 1, NOW(), NOW()),
('d6464803b5d44c1cae462adea0896055', '陈华', 'chenhua', 'e10adc3949ba59abbe56e057f20f883e', '陈华', 1, 'EMP047', 'P2', '开发工程师', 'fd556015d2484b01a94cc439ecff4831', 'c84ef35149a44d31ae28149aac5631d4', '弹性工作制', 'c001', 'dept_017', '项目二组', 1, NOW(), NOW()),
('188e9b5fd7514560a261ee06ddb634af', '窦平', 'douping', 'e10adc3949ba59abbe56e057f20f883e', '窦平', 1, 'EMP048', 'P4', '开发工程师', 'fd556015d2484b01a94cc439ecff4831', 'c84ef35149a44d31ae28149aac5631d4', '弹性工作制', 'c001', 'dept_017', '项目二组', 1, NOW(), NOW()),
('8d654a2bc4d54e45b59e0fc0758d9b9a', '王琪', 'wangqi', 'e10adc3949ba59abbe56e057f20f883e', '王琪', 2, 'EMP049', 'P3', '开发部长', 'eb5ec3c59e224aff9903aa5cdc2b5b55', 'c84ef35149a44d31ae28149aac5631d4', '弹性工作制', 'c001', 'dept_018', '第三开发部', 1, NOW(), NOW()),
('89069824c4f84e6487be85edb562de7b', '杨秀英', 'yangxiuying', 'e10adc3949ba59abbe56e057f20f883e', '杨秀英', 1, 'EMP050', 'P2', '项目经理', 'bd730cbd30ad4f0bb120f4a692b5137a', '5363e1ceddf0465ea16550d4fa0ec760', '标准工作制', 'c001', 'dept_019', '项目一组', 1, NOW(), NOW()),
('efa705a0fb354e4aac237356df47f310', '吴雪', 'wuxue', 'e10adc3949ba59abbe56e057f20f883e', '吴雪', 1, 'EMP051', 'P4', '开发工程师', 'fd556015d2484b01a94cc439ecff4831', 'c84ef35149a44d31ae28149aac5631d4', '弹性工作制', 'c001', 'dept_019', '项目一组', 1, NOW(), NOW()),
('4cb73699f52c4b679779252e5843d76e', '邹洁', 'zoujie', 'e10adc3949ba59abbe56e057f20f883e', '邹洁', 1, 'EMP052', 'P2', '开发工程师', 'fd556015d2484b01a94cc439ecff4831', 'c84ef35149a44d31ae28149aac5631d4', '弹性工作制', 'c001', 'dept_019', '项目一组', 1, NOW(), NOW()),
('9b47d747ad06496f9de17f7d85830917', '潘毅', 'panyi', 'e10adc3949ba59abbe56e057f20f883e', '潘毅', 1, 'EMP053', 'P5', '开发工程师', 'fd556015d2484b01a94cc439ecff4831', 'c84ef35149a44d31ae28149aac5631d4', '弹性工作制', 'c001', 'dept_019', '项目一组', 1, NOW(), NOW()),
('9f3eb0c3cb8347ea8741ae37ee3bbee4', '朱浩', 'zhuhao', 'e10adc3949ba59abbe56e057f20f883e', '朱浩', 2, 'EMP054', 'P5', '开发工程师', 'fd556015d2484b01a94cc439ecff4831', 'c84ef35149a44d31ae28149aac5631d4', '弹性工作制', 'c001', 'dept_019', '项目一组', 1, NOW(), NOW()),
('ec19882913fc4a0da8ff625ea96aef1c', '沈琪', 'shenqi', 'e10adc3949ba59abbe56e057f20f883e', '沈琪', 1, 'EMP055', 'P5', '开发工程师', 'fd556015d2484b01a94cc439ecff4831', 'c84ef35149a44d31ae28149aac5631d4', '弹性工作制', 'c001', 'dept_019', '项目一组', 1, NOW(), NOW()),
('9572e44894d340f8b9ba9559da95e595', '范霞', 'fanxia', 'e10adc3949ba59abbe56e057f20f883e', '范霞', 2, 'EMP056', 'P4', '项目经理', 'bd730cbd30ad4f0bb120f4a692b5137a', '5363e1ceddf0465ea16550d4fa0ec760', '标准工作制', 'c001', 'dept_020', '项目二组', 1, NOW(), NOW()),
('b9767f9172b34a1295e11383644dcb7f', '金玥', 'jinyue', 'e10adc3949ba59abbe56e057f20f883e', '金玥', 2, 'EMP057', 'P5', '开发工程师', 'fd556015d2484b01a94cc439ecff4831', 'c84ef35149a44d31ae28149aac5631d4', '弹性工作制', 'c001', 'dept_020', '项目二组', 1, NOW(), NOW()),
('bf96f6dc61f24e0281ae663374119489', '王涛', 'wangtao', 'e10adc3949ba59abbe56e057f20f883e', '王涛', 1, 'EMP058', 'P2', '开发工程师', 'fd556015d2484b01a94cc439ecff4831', 'c84ef35149a44d31ae28149aac5631d4', '弹性工作制', 'c001', 'dept_020', '项目二组', 1, NOW(), NOW()),
('0ab41bbafc2c4ae5a88901f2d35b92f7', '吕芳', 'lvfang', 'e10adc3949ba59abbe56e057f20f883e', '吕芳', 1, 'EMP059', 'P5', '开发工程师', 'fd556015d2484b01a94cc439ecff4831', 'c84ef35149a44d31ae28149aac5631d4', '弹性工作制', 'c001', 'dept_020', '项目二组', 1, NOW(), NOW()),
('e1eb1a118d5748e894878419200d7bb8', '水娟', 'shuijuan', 'e10adc3949ba59abbe56e057f20f883e', '水娟', 1, 'EMP060', 'P1', '开发工程师', 'fd556015d2484b01a94cc439ecff4831', 'c84ef35149a44d31ae28149aac5631d4', '弹性工作制', 'c001', 'dept_020', '项目二组', 1, NOW(), NOW()),
('91e6da89842e4c6893a28b76081f204f', '范辰', 'fanchen', 'e10adc3949ba59abbe56e057f20f883e', '范辰', 1, 'EMP061', 'P1', '项目经理', 'bd730cbd30ad4f0bb120f4a692b5137a', '5363e1ceddf0465ea16550d4fa0ec760', '标准工作制', 'c001', 'dept_021', '项目三组', 1, NOW(), NOW()),
('afb1c440c4854884a8df10420354ed4d', '周玥', 'zhouyue', 'e10adc3949ba59abbe56e057f20f883e', '周玥', 2, 'EMP062', 'P1', '开发工程师', 'fd556015d2484b01a94cc439ecff4831', 'c84ef35149a44d31ae28149aac5631d4', '弹性工作制', 'c001', 'dept_021', '项目三组', 1, NOW(), NOW()),
('cba9dd209a894dda9c45d8388cc972e3', '周宇', 'zhouyu', 'e10adc3949ba59abbe56e057f20f883e', '周宇', 2, 'EMP063', 'P2', '开发工程师', 'fd556015d2484b01a94cc439ecff4831', 'c84ef35149a44d31ae28149aac5631d4', '弹性工作制', 'c001', 'dept_021', '项目三组', 1, NOW(), NOW()),
('b28dab8fde4347f28025d71ef55d5433', '潘鑫', 'panxin', 'e10adc3949ba59abbe56e057f20f883e', '潘鑫', 1, 'EMP064', 'P2', '开发工程师', 'fd556015d2484b01a94cc439ecff4831', 'c84ef35149a44d31ae28149aac5631d4', '弹性工作制', 'c001', 'dept_021', '项目三组', 1, NOW(), NOW()),
('0c4e057a15604a70a4d3961bc66a092a', '彭琪', 'pengqi', 'e10adc3949ba59abbe56e057f20f883e', '彭琪', 2, 'EMP065', 'P5', '开发工程师', 'fd556015d2484b01a94cc439ecff4831', 'c84ef35149a44d31ae28149aac5631d4', '弹性工作制', 'c001', 'dept_021', '项目三组', 1, NOW(), NOW()),
('707fd905279d43d5979527f8fe2816c1', '杨婷', 'yangting', 'e10adc3949ba59abbe56e057f20f883e', '杨婷', 2, 'EMP066', 'P4', '开发工程师', 'fd556015d2484b01a94cc439ecff4831', 'c84ef35149a44d31ae28149aac5631d4', '弹性工作制', 'c001', 'dept_021', '项目三组', 1, NOW(), NOW()),
('5f2bb0eab2924fa6bc4431461af11936', '蒋丽', 'jiangli', 'e10adc3949ba59abbe56e057f20f883e', '蒋丽', 2, 'EMP067', 'P1', '产品组长', 'b3398b2fbb074162922c720dd14f1c07', '5363e1ceddf0465ea16550d4fa0ec760', '标准工作制', 'c001', 'dept_022', '产品一组', 1, NOW(), NOW()),
('e499bde48cb2477daa2c4d7db2a7da7d', '施海燕', 'shihaiyan', 'e10adc3949ba59abbe56e057f20f883e', '施海燕', 2, 'EMP068', 'P4', '产品专员', '931da4f333bf4cc580170fda3c931c65', '5363e1ceddf0465ea16550d4fa0ec760', '标准工作制', 'c001', 'dept_022', '产品一组', 1, NOW(), NOW()),
('f84c12529699491fbe4c0aafce6812e9', '彭秀英', 'pengxiuying', 'e10adc3949ba59abbe56e057f20f883e', '彭秀英', 1, 'EMP069', 'P6', '产品专员', '931da4f333bf4cc580170fda3c931c65', '5363e1ceddf0465ea16550d4fa0ec760', '标准工作制', 'c001', 'dept_022', '产品一组', 1, NOW(), NOW()),
('e262ea09d15445248af76b62e0bbe79a', '李志强', 'lizhiqiang', 'e10adc3949ba59abbe56e057f20f883e', '李志强', 2, 'EMP070', 'P6', '产品专员', '931da4f333bf4cc580170fda3c931c65', '5363e1ceddf0465ea16550d4fa0ec760', '标准工作制', 'c001', 'dept_022', '产品一组', 1, NOW(), NOW()),
('b7aee4020cd049d5a584ada548c75f61', '郑涛', 'zhengtao', 'e10adc3949ba59abbe56e057f20f883e', '郑涛', 1, 'EMP071', 'P2', '产品组长', 'b3398b2fbb074162922c720dd14f1c07', '5363e1ceddf0465ea16550d4fa0ec760', '标准工作制', 'c001', 'dept_023', '产品二组', 1, NOW(), NOW()),
('a11b0b966a1e499d987a8eaed3d53c90', '邹峰', 'zoufeng', 'e10adc3949ba59abbe56e057f20f883e', '邹峰', 2, 'EMP072', 'P2', '产品专员', '931da4f333bf4cc580170fda3c931c65', '5363e1ceddf0465ea16550d4fa0ec760', '标准工作制', 'c001', 'dept_023', '产品二组', 1, NOW(), NOW()),
('4c337bc2197d46c9936a7a9321669b68', '卫超', 'weichao', 'e10adc3949ba59abbe56e057f20f883e', '卫超', 1, 'EMP073', 'P4', '产品专员', '931da4f333bf4cc580170fda3c931c65', '5363e1ceddf0465ea16550d4fa0ec760', '标准工作制', 'c001', 'dept_023', '产品二组', 1, NOW(), NOW()),
('0d8ba23810ab45aebd7a6aab4d059bd8', '周峰', 'zhoufeng', 'e10adc3949ba59abbe56e057f20f883e', '周峰', 1, 'EMP074', 'P5', '产品专员', '931da4f333bf4cc580170fda3c931c65', '5363e1ceddf0465ea16550d4fa0ec760', '标准工作制', 'c001', 'dept_023', '产品二组', 1, NOW(), NOW()),
('8afee29535e1406c9698888bd5271683', '李怡', 'liyi', 'e10adc3949ba59abbe56e057f20f883e', '李怡', 1, 'EMP075', 'P5', '产品组长', 'b3398b2fbb074162922c720dd14f1c07', '5363e1ceddf0465ea16550d4fa0ec760', '标准工作制', 'c001', 'dept_024', '产品三组', 1, NOW(), NOW()),
('64fa1a4ae3f642428e84970e568a55e8', '吴琪', 'wuqi', 'e10adc3949ba59abbe56e057f20f883e', '吴琪', 1, 'EMP076', 'P2', '产品专员', '931da4f333bf4cc580170fda3c931c65', '5363e1ceddf0465ea16550d4fa0ec760', '标准工作制', 'c001', 'dept_024', '产品三组', 1, NOW(), NOW()),
('c860894c785b4628b0e836b8269ebc8a', '严鑫', 'yanxin', 'e10adc3949ba59abbe56e057f20f883e', '严鑫', 1, 'EMP077', 'P4', '产品专员', '931da4f333bf4cc580170fda3c931c65', '5363e1ceddf0465ea16550d4fa0ec760', '标准工作制', 'c001', 'dept_024', '产品三组', 1, NOW(), NOW()),
('ac6fa6a7e3f7426896bb8497cd1ea788', '曹玥', 'caoyue', 'e10adc3949ba59abbe56e057f20f883e', '曹玥', 1, 'EMP078', 'P1', '产品专员', '931da4f333bf4cc580170fda3c931c65', '5363e1ceddf0465ea16550d4fa0ec760', '标准工作制', 'c001', 'dept_024', '产品三组', 1, NOW(), NOW()),
('f60f81f42eb4492caffe6797b12ab03b', '孔伟', 'kongwei', 'e10adc3949ba59abbe56e057f20f883e', '孔伟', 2, 'EMP079', 'P4', '人事专员', '33969ae8261e47979d4b427f7ee32f7d', '5363e1ceddf0465ea16550d4fa0ec760', '标准工作制', 'c001', 'dept_004', '人事部', 1, NOW(), NOW()),
('030b780d896a4632810a4ca97daa2c16', '魏秀兰', 'weixiulan', 'e10adc3949ba59abbe56e057f20f883e', '魏秀兰', 2, 'EMP080', 'P4', '人事专员', '33969ae8261e47979d4b427f7ee32f7d', '5363e1ceddf0465ea16550d4fa0ec760', '标准工作制', 'c001', 'dept_004', '人事部', 1, NOW(), NOW()),
('a9388ad4ae8541d6b82b47645332b285', '陈艳', 'chenyan', 'e10adc3949ba59abbe56e057f20f883e', '陈艳', 1, 'EMP081', 'P3', '财务组长', '348a478d129a4cf3ade50ccd04f94993', '5363e1ceddf0465ea16550d4fa0ec760', '标准工作制', 'c001', 'dept_005', '财务部', 1, NOW(), NOW()),
('5469277cf6c447ffb82879fb724ecfde', '李博', 'libo', 'e10adc3949ba59abbe56e057f20f883e', '李博', 1, 'EMP082', 'P6', '财务专员', '8ea5ecba38d345a9ad96cbac4b94cbc8', '5363e1ceddf0465ea16550d4fa0ec760', '标准工作制', 'c001', 'dept_005', '财务部', 1, NOW(), NOW()),
('c3fef53c0d6a4a63afd75f3ef46b9872', '郎平', 'langping', 'e10adc3949ba59abbe56e057f20f883e', '郎平', 1, 'EMP083', 'P1', '财务专员', '8ea5ecba38d345a9ad96cbac4b94cbc8', '5363e1ceddf0465ea16550d4fa0ec760', '标准工作制', 'c001', 'dept_005', '财务部', 1, NOW(), NOW()),
('32864d0512ff4691a69cf10d4675afd0', '水毅', 'shuiyi', 'e10adc3949ba59abbe56e057f20f883e', '水毅', 1, 'EMP084', 'P5', '市场专员', 'a300494db7da47bab2f3d43c36a840a4', '5363e1ceddf0465ea16550d4fa0ec760', '标准工作制', 'c001', 'dept_006', '市场部', 1, NOW(), NOW()),
('4f1c8f405fb64e72a13f9b0c482ce715', '李芬', 'lifen', 'e10adc3949ba59abbe56e057f20f883e', '李芬', 1, 'EMP085', 'P5', '市场专员', 'a300494db7da47bab2f3d43c36a840a4', '5363e1ceddf0465ea16550d4fa0ec760', '标准工作制', 'c001', 'dept_006', '市场部', 1, NOW(), NOW());

-- 考勤规则数据

INSERT INTO rule (uuid, name, flexibility, start_time, end_time, middle_rest, middle_start, middle_end, vacation, comp, accuracy, is_delete) VALUES
('5363e1ceddf0465ea16550d4fa0ec760', '标准工作制', 0, '9:00:00', '18:00:00', 1, '12:00:00', '13:00:00', 1, 1, 0.5, 1),
('c84ef35149a44d31ae28149aac5631d4', '弹性工作制', 2, '9:00:00', '18:00:00', 1, '12:00:00', '13:00:00', 1, 1, 0.5, 1);

-- 职位数据

INSERT INTO `position` (uuid, name, is_delete, create_time, update_time) VALUES
('931da4f333bf4cc580170fda3c931c65', '产品专员', 1, NOW(), NOW()),
('b3398b2fbb074162922c720dd14f1c07', '产品组长', 1, NOW(), NOW()),
('2357c247a31c4cfaaf9e1dfbf2fe1fd2', '产品经理', 1, NOW(), NOW()),
('33969ae8261e47979d4b427f7ee32f7d', '人事专员', 1, NOW(), NOW()),
('138961cefa47479bb1092181ec017683', '人事经理', 1, NOW(), NOW()),
('1dfb5f6e62b74bfdb6929d4ee60ccc07', '前端工程师', 1, NOW(), NOW()),
('7d38a5d514304caa9ab2c7df79177c37', '前端组长', 1, NOW(), NOW()),
('a8575f3580d040758771170bfaf31931', '后端工程师', 1, NOW(), NOW()),
('8addb2b2f06446e8a87037df8b00b590', '后端组长', 1, NOW(), NOW()),
('a300494db7da47bab2f3d43c36a840a4', '市场专员', 1, NOW(), NOW()),
('fd556015d2484b01a94cc439ecff4831', '开发工程师', 1, NOW(), NOW()),
('eb5ec3c59e224aff9903aa5cdc2b5b55', '开发部长', 1, NOW(), NOW()),
('87edf3c0d383489189919677b204f2c1', '技术总监', 1, NOW(), NOW()),
('6eeaeb9c26784fd192539a11c5d73d65', '测试工程师', 1, NOW(), NOW()),
('02399ab8f3834e9384d0aa4c3e82729d', '测试组长', 1, NOW(), NOW()),
('6562baa4450b4e03bc081850814863d0', '管理部经理', 1, NOW(), NOW()),
('8ea5ecba38d345a9ad96cbac4b94cbc8', '财务专员', 1, NOW(), NOW()),
('348a478d129a4cf3ade50ccd04f94993', '财务组长', 1, NOW(), NOW()),
('feefc0ede5a24ff090b523ab386d5606', '运维工程师', 1, NOW(), NOW()),
('591f867059e54fbf8be536143d9617d5', '运维组长', 1, NOW(), NOW()),
('9a3a1b56c6ea4ab4be38185d003f31f3', '运营经理', 1, NOW(), NOW()),
('bd730cbd30ad4f0bb120f4a692b5137a', '项目经理', 1, NOW(), NOW());

-- 公司领导审批链初始数据

INSERT INTO leader (id, leader_uuid, leader_name, parent_id, level, tree) VALUES
(1, '1381d0cced80432b974e8f073c5ea1f2', '系统用户', NULL, 0, '-1-'),
(2, 'ec25e7b907aa48b1a3d68c9350864469', '张伟', 1, 1, '-2-1-'),
(3, '36f90cff20614aa19913e2b41753fb32', '李娜', 1, 1, '-3-1-'),
(4, '5aab2d6b1b50416caf1d5faf14943352', '王建国', 1, 1, '-4-1-'),
(5, 'ae22d48cb23a49d8840b00162699d550', '赵敏', 1, 1, '-5-1-'),
(6, 'f23c91618bda4e7198b5bad7ee54301a', '云强', 2, 1, '-6-2-1-'),
(7, 'e60fa0bd81c8452e96ac997dc0840827', '水海燕', 2, 1, '-7-2-1-'),
(8, '3bb5c9b5a81242a29f36c90ad97beb0d', '赵冰', 2, 1, '-8-2-1-'),
(9, '3725c495b31b44db9810b41b757fb64b', '郑桂英', 2, 1, '-9-2-1-'),
(10, '4e25362f2ec74405a905b84fd7c92b4e', '云轩', 2, 1, '-10-2-1-'),
(11, 'b8f19f26259d470fb552c9435dc75465', '陈辰', 2, 1, '-11-2-1-'),
(12, '8d654a2bc4d54e45b59e0fc0758d9b9a', '王琪', 2, 1, '-12-2-1-'),
(13, '5f2bb0eab2924fa6bc4431461af11936', '蒋丽', 4, 1, '-13-4-1-'),
(14, 'b7aee4020cd049d5a584ada548c75f61', '郑涛', 4, 1, '-14-4-1-'),
(15, '8afee29535e1406c9698888bd5271683', '李怡', 4, 1, '-15-4-1-'),
(16, '6731c680a0ac459c917d10bfd3d4bc19', '范敏', 10, 2, '-16-10-2-1-'),
(17, '0acea251a8c44a9fb3c746781d0a58c6', '褚俊', 10, 2, '-17-10-2-1-'),
(18, '511773a6002f482c8c2a9577c1ecdae6', '沈怡', 10, 2, '-18-10-2-1-'),
(19, '57a8670fec1c40099dca07d4fb4925c5', '窦敏', 11, 2, '-19-11-2-1-'),
(20, 'b551541f11b44215bc4590aee7b2a503', '华洋', 11, 2, '-20-11-2-1-'),
(21, '89069824c4f84e6487be85edb562de7b', '杨秀英', 12, 2, '-21-12-2-1-'),
(22, '9572e44894d340f8b9ba9559da95e595', '范霞', 12, 2, '-22-12-2-1-'),
(23, '91e6da89842e4c6893a28b76081f204f', '范辰', 12, 2, '-23-12-2-1-');
